{"stats":{"minecraft:used":{"strictly_origins:damaged_durendal":4,"tombstone:grave_key":1},"minecraft:killed":{"minecraft:zombie":1},"minecraft:killed_by":{"minecraft:zombie":1},"minecraft:custom":{"minecraft:time_since_rest":8605,"minecraft:damage_taken":1050,"minecraft:crouch_one_cm":275,"minecraft:play_time":18447,"lootr:looted_stat":1,"minecraft:sprint_one_cm":18343,"minecraft:deaths":2,"tombstone:undead_killed":1,"minecraft:walk_one_cm":22230,"minecraft:sneak_time":28,"minecraft:walk_under_water_one_cm":19513,"minecraft:mob_kills":1,"minecraft:jump":270,"minecraft:damage_dealt_resisted":0,"minecraft:damage_dealt":52,"minecraft:leave_game":5,"minecraft:time_since_death":12746,"minecraft:walk_on_water_one_cm":12188,"minecraft:sleep_in_bed":1,"minecraft:climb_one_cm":1715,"minecraft:total_world_time":18447,"minecraft:fall_one_cm":10739,"minecraft:fly_one_cm":57987},"minecraft:picked_up":{"iter_rpg:abyssquartz_shard":6,"minecraft:hay_block":19,"minecraft:yellow_bed":1},"minecraft:mined":{"minecraft:hay_block":19,"minecraft:grass":2,"iter_rpg:abyss_quartz":4,"minecraft:yellow_bed":1}},"DataVersion":3465}