{"stats":{"minecraft:picked_up":{"born_in_chaos_v1:monster_skin":2,"minecraft:bone":2,"born_in_chaos_v1:monster_flesh":1},"minecraft:killed":{"born_in_chaos_v1:dread_hound":2},"minecraft:custom":{"minecraft:time_since_rest":0,"enigmaticlegacy:play_time_with_seven_curses":0,"minecraft:blood":0,"minecraft:magic_shield":0,"minecraft:damage_absorbed":99,"minecraft:play_time":5710,"minecraft:sprint_one_cm":4206,"minecraft:walk_one_cm":8220,"minecraft:damage_taken":2216,"minecraft:deaths":4,"minecraft:sneak_time":8,"minecraft:mob_kills":2,"minecraft:dexterity":0,"minecraft:jump":55,"minecraft:intelligence":0,"minecraft:energy":50,"minecraft:damage_dealt":203,"minecraft:leave_game":3,"minecraft:time_since_death":0,"minecraft:health":70,"minecraft:walk_on_water_one_cm":390,"minecraft:move_speed":0,"minecraft:strength":0,"enigmaticlegacy:play_time_without_seven_curses":2036,"minecraft:total_world_time":5710,"minecraft:fly_one_cm":10852,"minecraft:fall_one_cm":12659,"minecraft:mana":50},"minecraft:used":{"strictly_origins:damaged_durendal":12,"tombstone:grave_key":1}},"DataVersion":3465}