{"stats":{"minecraft:used":{"tombstone:grave_key":1,"strictly_origins:damaged_durendal":1},"minecraft:killed":{"minecraft:zombie":1},"minecraft:killed_by":{"minecraft:zombie":1},"minecraft:custom":{"minecraft:damage_dealt":52,"minecraft:time_since_rest":2725,"minecraft:damage_taken":1040,"minecraft:leave_game":2,"minecraft:time_since_death":3053,"minecraft:play_time":8754,"minecraft:walk_one_cm":12029,"minecraft:sprint_one_cm":10628,"tombstone:undead_killed":1,"minecraft:walk_on_water_one_cm":12188,"minecraft:deaths":2,"minecraft:total_world_time":8754,"minecraft:walk_under_water_one_cm":19513,"minecraft:mob_kills":1,"minecraft:fall_one_cm":6686,"minecraft:fly_one_cm":35448,"minecraft:damage_dealt_resisted":0,"minecraft:jump":178},"minecraft:picked_up":{"iter_rpg:abyssquartz_shard":6},"minecraft:mined":{"iter_rpg:abyss_quartz":4}},"DataVersion":3465}